题目,时期,体裁,知识点,题型,选项A,选项B,选项C,选项D,正确选项,参考答案,解析,难度,作答次数,正确次数,做错次数,正确率,是否错题,最近作答日期
名词解释模版,,,,名词解释,,,,,,,,中等,0,0,0,0,No,
上古神话,先秦,神话,1-010 先秦 上古神话,名词解释,,,,,,【名词】 上古神话 —————————— 【参考答案要点】 1. 上古神话是远古先民在生产生活实践中形成的关于自然、宇宙和人类起源的叙事性传说。 2. 其内容多涉及开天辟地、造人创世、治水抗灾等主题，如盘古开天、女娲造人、后羿射日等。 3. 上古神话反映了原始社会人类对自然世界的理解方式，并体现出早期文学的想象力与象征性，对后世文学产生深远影响。 —————————— 【评分标准】 ① 概念界定准确（2分） ② 核心特征说明清楚（2分） ③ 表达规范、条理清晰（1分） 满分：5分,上古神话是中国文学的重要源头之一既反映原始思维方式也体现早期叙事传统是理解中国文学发生的重要基础,中等,,,,0,No,
上古传说,先秦,神话,1-020 先秦 上古传说,名词解释,,,,,,【名词】 上古传说 —————————— 【参考答案要点】 1. 上古传说是远古时期流传的关于历史人物或重大事件的故事性叙述。 2. 常见内容包括尧舜禹等圣王传说以及大禹治水等故事。 3. 上古传说兼具历史记忆与文学想象的特点，为后世史传文学提供重要素材。 —————————— 【评分标准】 ① 概念界定准确（2分） ② 核心特征说明清楚（2分） ③ 表达规范、条理清晰（1分） 满分：5分,该概念强调神话与历史之间的过渡形态体现早期叙事传统的发展对史传文学产生重要影响,中等,,,,0,No,
诗经表现手法,先秦,诗歌,1-030 先秦 诗经表现手法,名词解释,,,,,,【名词】 诗经表现手法 —————————— 【参考答案要点】 1. 指《诗经》在艺术表达中形成的一套基本表现方式。 2. 主要包括赋、比、兴三种手法，其中赋为直陈其事，比为以物喻情，兴为借景起兴。 3. 三者共同构成《诗经》的艺术传统，对中国诗歌创作产生深远影响。 —————————— 【评分标准】 ① 概念界定准确（2分） ② 核心特征说明清楚（2分） ③ 表达规范、条理清晰（1分） 满分：5分,赋比兴是中国古典诗歌的重要传统也是理解诗经艺术特点的关键概念,中等,,,,0,No,
诗经内容结构,先秦,诗歌,1-040 先秦 诗经内容结构,名词解释,,,,,,【名词】 诗经内容结构 —————————— 【参考答案要点】 1. 《诗经》按照音乐性质分为风、雅、颂三部分。 2. 风主要为各地民歌，雅多为贵族宴飨乐歌，颂多用于宗庙祭祀。 3. 这一结构体现了周代礼乐制度背景下诗歌的社会功能。 —————————— 【评分标准】 ① 概念界定准确（2分） ② 核心特征说明清楚（2分） ③ 表达规范、条理清晰（1分） 满分：5分,理解风雅颂结构是把握诗经整体体系的重要基础,中等,,,,0,No,
诗经艺术特色,先秦,诗歌,1-050 先秦 诗经艺术特色,名词解释,,,,,,【名词】 诗经艺术特色 —————————— 【参考答案要点】 1. 《诗经》具有语言质朴自然、情感真挚的艺术特点。 2. 常采用重章叠句与赋比兴手法增强抒情效果。 3. 其艺术传统对中国诗歌发展产生深远影响。 —————————— 【评分标准】 ① 概念界定准确（2分） ② 核心特征说明清楚（2分） ③ 表达规范、条理清晰（1分） 满分：5分,该知识点主要考查对诗经艺术风格的整体理解,中等,,,,0,No,
诗经思想内容,先秦,诗歌,1-060 先秦 诗经思想内容,名词解释,,,,,,【名词】 诗经思想内容 —————————— 【参考答案要点】 1. 《诗经》广泛反映周代社会生活与思想情感。 2. 内容包括爱情婚姻、劳动生活、战争征役及政治讽谏等。 3. 体现出人民生活情感与社会现实之间的密切联系。 —————————— 【评分标准】 ① 概念界定准确（2分） ② 核心特征说明清楚（2分） ③ 表达规范、条理清晰（1分） 满分：5分,该概念强调诗经与社会生活之间的关系体现现实主义传统,中等,,,,0,No,
先秦历史散文,先秦,散文,1-070 先秦历史散文,名词解释,,,,,,【名词】 先秦历史散文 —————————— 【参考答案要点】 1. 先秦历史散文是指记录和叙述先秦历史事件与政治活动的一类散文作品。 2. 代表作品主要包括《左传》《国语》《战国策》等，这些作品以叙事为主，兼具文学性与史学价值。 3. 其特点是叙事生动、人物形象鲜明、语言简洁有力，对中国史传文学传统产生深远影响。 —————————— 【评分标准】 ① 概念界定准确（2分） ② 核心特征说明清楚（2分） ③ 表达规范、条理清晰（1分） 满分：5分,该概念强调先秦史传散文的文学价值与史学价值体现史传传统的形成,中等,,,,0,No,
战国散文,先秦,散文,1-080 先秦 战国散文,名词解释,,,,,,【名词】 战国散文 —————————— 【参考答案要点】 1. 战国散文是战国时期形成并发展的散文类型，主要包括历史散文与诸子散文。 2. 其代表作品如《战国策》《孟子》《庄子》《韩非子》等。 3. 战国散文在论辩性、思想性与文学表现力方面都有显著发展，是中国古代散文成熟的重要阶段。 —————————— 【评分标准】 ① 概念界定准确（2分） ② 核心特征说明清楚（2分） ③ 表达规范、条理清晰（1分） 满分：5分,战国散文体现百家争鸣的思想背景也是中国古代散文发展的重要阶段,中等,,,,0,No,
先秦诸子散文,先秦,散文,1-090 先秦诸子散文,名词解释,,,,,,【名词】 先秦诸子散文 —————————— 【参考答案要点】 1. 先秦诸子散文是指春秋战国时期诸子百家为阐述政治与哲学思想而创作的散文。 2. 代表著作包括《论语》《孟子》《庄子》《韩非子》等。 3. 这些作品在思想表达与文学形式上各具特色，对中国哲学思想与文学传统产生深远影响。 —————————— 【评分标准】 ① 概念界定准确（2分） ② 核心特征说明清楚（2分） ③ 表达规范、条理清晰（1分） 满分：5分,该概念体现先秦思想文化与散文发展的密切关系,中等,,,,0,No,
先秦诸子寓言,先秦,散文,1-100 先秦诸子寓言,名词解释,,,,,,【名词】 先秦诸子寓言 —————————— 【参考答案要点】 1. 先秦诸子寓言是诸子散文中以故事形式表达思想的一种文学形式。 2. 常见于《庄子》《韩非子》等典籍，通过生动故事阐述哲理。 3. 其特点是寓意深刻、想象丰富、表达含蓄，对中国寓言文学发展具有重要影响。 —————————— 【评分标准】 ① 概念界定准确（2分） ② 核心特征说明清楚（2分） ③ 表达规范、条理清晰（1分） 满分：5分,先秦寓言是中国寓言文学的重要源头具有鲜明文学价值,中等,,,,0,No,
先秦诸子思想,先秦,文学理论,1-110 先秦诸子思想,名词解释,,,,,,【名词】 先秦诸子思想 —————————— 【参考答案要点】 1. 指春秋战国时期诸子百家提出的各种哲学与政治思想。 2. 主要包括儒家、道家、墨家、法家等学派的思想体系。 3. 这些思想不仅影响中国政治与文化传统，也为文学创作提供重要思想资源。 —————————— 【评分标准】 ① 概念界定准确（2分） ② 核心特征说明清楚（2分） ③ 表达规范、条理清晰（1分） 满分：5分,该概念体现先秦思想文化背景与文学发展的密切关系,中等,,,,0,No,
屈原形象,先秦,诗歌,1-120 先秦屈原形象,名词解释,,,,,,【名词】 屈原形象 —————————— 【参考答案要点】 1. 屈原形象是中国文学史上重要的诗人形象之一。 2. 他既是忠贞爱国的政治人物，又是富有理想精神的伟大诗人。 3. 屈原在《离骚》等作品中表现出高洁人格与忧国情怀，对后世文学产生深远影响。 —————————— 【评分标准】 ① 概念界定准确（2分） ② 核心特征说明清楚（2分） ③ 表达规范、条理清晰（1分） 满分：5分,屈原形象体现中国文学传统中的爱国主义与人格理想,中等,,,,0,No,
楚辞体制,先秦,诗歌,1-130 先秦 楚辞体制,名词解释,,,,,,【名词】 楚辞体制 —————————— 【参考答案要点】 1. 楚辞体制是指以《离骚》为代表的楚辞作品在形式结构和语言风格上的基本特征。 2. 其主要特点包括句式较长、节奏自由、常用“兮”字助语，并大量运用铺陈与抒情。 3. 楚辞体制突破《诗经》四言诗格局，形成富于浪漫色彩和个人抒情特色的新诗体，对后世辞赋和诗歌发展产生深远影响。 —————————— 【评分标准】 ① 概念界定准确（2分） ② 核心特征说明清楚（2分） ③ 表达规范、条理清晰（1分） 满分：5分,本概念主要考查楚辞在诗体形式上的创新意义以及其在文学史上的地位,中等,,,,0,No,
楚辞思想内容,先秦,诗歌,1-140 先秦 楚辞思想内容,名词解释,,,,,,【名词】 楚辞思想内容 —————————— 【参考答案要点】 1. 楚辞思想内容主要体现在屈原等诗人通过诗歌表达的政治理想与人生情感。 2. 作品中既包含忠君爱国、忧国忧民的情怀，也表现出理想破灭后的悲愤与孤独。 3. 同时楚辞中还包含浓厚的神话想象和浪漫精神，体现出个人情感与社会现实的结合。 —————————— 【评分标准】 ① 概念界定准确（2分） ② 核心特征说明清楚（2分） ③ 表达规范、条理清晰（1分） 满分：5分,该概念重点说明楚辞思想内容的爱国精神与个人情感表达,中等,,,,0,No,
楚辞艺术特色,先秦,诗歌,1-150 先秦 艺术特色,名词解释,,,,,,【名词】 楚辞艺术特色 —————————— 【参考答案要点】 1. 楚辞在艺术上具有浓厚的浪漫主义色彩与强烈的个人抒情特征。 2. 其语言华丽想象丰富，常通过神话意象与象征手法表现理想情感。 3. 楚辞艺术突破《诗经》传统，形成具有南方文化特色的诗歌风格，对后世文学影响深远。 —————————— 【评分标准】 ① 概念界定准确（2分） ② 核心特征说明清楚（2分） ③ 表达规范、条理清晰（1分） 满分：5分,该概念强调楚辞浪漫主义特征及其文学史意义,中等,,,,0,No,
楚辞影响,先秦,诗歌,1-160 先秦楚辞影响,名词解释,,,,,,【名词】 楚辞影响 —————————— 【参考答案要点】 1. 楚辞对中国文学产生了深远影响，是继《诗经》之后的重要诗歌传统。 2. 它在艺术上发展了浪漫主义表现手法，丰富了诗歌语言与想象空间。 3. 后世辞赋、唐诗以及文学创作中的抒情传统都在不同程度上继承了楚辞精神。 —————————— 【评分标准】 ① 概念界定准确（2分） ② 核心特征说明清楚（2分） ③ 表达规范、条理清晰（1分） 满分：5分,该知识点主要考查楚辞在文学史发展中的影响与地位,中等,,,,0,No,
庄子艺术特色,先秦,散文,1-170 先秦 庄子艺术特色,名词解释,,,,,,【名词】 庄子艺术特色 —————————— 【参考答案要点】 1. 《庄子》散文在文学史上以想象奇特、语言生动著称。 2. 作品大量运用寓言、夸张和象征手法，表达道家哲学思想。 3. 其文风汪洋恣肆、富于浪漫色彩，对中国散文艺术产生深远影响。 —————————— 【评分标准】 ① 概念界定准确（2分） ② 核心特征说明清楚（2分） ③ 表达规范、条理清晰（1分） 满分：5分,本题重点在于理解庄子散文的艺术风格与文学价值,中等,,,,0,No,
先秦文学传统,先秦,文学理论,1-180 先秦 文学传统,名词解释,,,,,,【名词】 先秦文学传统 —————————— 【参考答案要点】 1. 先秦文学传统是指中国文学在先秦时期形成的一系列基本创作观念和艺术方式。 2. 主要包括《诗经》的现实主义传统和《楚辞》的浪漫主义传统。 3. 这些传统为后世诗歌、散文等文学体裁的发展奠定了基础。 —————————— 【评分标准】 ① 概念界定准确（2分） ② 核心特征说明清楚（2分） ③ 表达规范、条理清晰（1分） 满分：5分,该概念强调先秦文学在中国文学史中的奠基作用,中等,,,,0,No,
汉赋发展,两汉,辞赋,2-010 两汉 汉赋发展,名词解释,,,,,,【名词】 汉赋发展 —————————— 【参考答案要点】 1. 汉赋发展指汉代辞赋在形式与内容上的演变过程。 2. 西汉前期受楚辞影响较大，逐渐发展为以铺陈描写为特点的汉大赋，如司马相如作品；东汉时期则趋向篇幅较短、情感抒发更为明显的抒情小赋。 3. 汉赋的发展体现出由宏大铺陈向抒情简约的变化趋势，对中国辞赋文学传统产生重要影响。 —————————— 【评分标准】 ① 概念界定准确（2分） ② 核心特征说明清楚（2分） ③ 表达规范、条理清晰（1分） 满分：5分,该概念主要考查汉赋由汉大赋到抒情小赋的发展脉络体现汉代辞赋文学演变特点,中等,,,,0,No,
汉大赋,两汉,辞赋,2-020 两汉 汉大赋,名词解释,,,,,,【名词】 汉大赋 —————————— 【参考答案要点】 1. 汉大赋是西汉时期盛行的一种辞赋体裁，以篇幅宏大、铺陈描写为主要特点。 2. 其内容多描写宫廷、苑囿、田猎等宏大场景，具有明显的颂扬性质。 3. 代表作家有司马相如、扬雄等，其作品在结构与辞藻上极为华丽，体现出汉代文学的典雅风格。 —————————— 【评分标准】 ① 概念界定准确（2分） ② 核心特征说明清楚（2分） ③ 表达规范、条理清晰（1分） 满分：5分,该题重点考查汉大赋的体裁特点以及代表作家在文学史上的地位,中等,,,,0,No,
骚体赋,两汉,辞赋,2-030 两汉 骚体赋,名词解释,,,,,,【名词】 骚体赋 —————————— 【参考答案要点】 1. 骚体赋是汉代辞赋的一种形式，直接继承楚辞特别是《离骚》的艺术传统。 2. 其特点是句式较为自由，常用“兮”字，抒情意味较强。 3. 骚体赋在汉代赋的发展中具有过渡性质，体现楚辞传统对汉赋创作的深远影响。 —————————— 【评分标准】 ① 概念界定准确（2分） ② 核心特征说明清楚（2分） ③ 表达规范、条理清晰（1分） 满分：5分,该概念强调楚辞传统在汉赋形成过程中的影响与文学继承关系,中等,,,,0,No,
抒情小赋,两汉,辞赋,2-040 两汉 抒情小赋,名词解释,,,,,,【名词】 抒情小赋 —————————— 【参考答案要点】 1. 抒情小赋是东汉时期兴起的一种赋体形式，与西汉汉大赋形成对比。 2. 其特点是篇幅较短、语言简洁，重在抒发个人情感。 3. 抒情小赋的发展标志着汉赋从宏大铺陈向个性抒情的转变，对后世文学产生重要影响。 —————————— 【评分标准】 ① 概念界定准确（2分） ② 核心特征说明清楚（2分） ③ 表达规范、条理清晰（1分） 满分：5分,该知识点体现汉赋由宏大铺陈转向个性抒情的重要文学转型,中等,,,,0,No,
汉乐府概况,两汉,诗歌,2-050 两汉 汉乐府概况,名词解释,,,,,,【名词】 汉乐府概况 —————————— 【参考答案要点】 1. 汉乐府是汉代由乐府机构采集、整理并创作的诗歌总称。 2. 这些作品多来源于民间歌谣，反映社会生活与人民情感。 3. 汉乐府在内容与语言上朴实自然，对后世诗歌特别是五言诗的发展产生重要影响。 —————————— 【评分标准】 ① 概念界定准确（2分） ② 核心特征说明清楚（2分） ③ 表达规范、条理清晰（1分） 满分：5分,该概念强调汉乐府的来源性质与文学史地位,中等,,,,0,No,
汉乐府思想内容,两汉,诗歌,2-060 两汉 汉乐府思想内容,名词解释,,,,,,【名词】 汉乐府思想内容 —————————— 【参考答案要点】 1. 汉乐府诗歌广泛反映汉代社会生活与人民情感。 2. 其内容包括战争、徭役、婚姻爱情、劳动生活等。 3. 这些作品表现出鲜明的现实主义精神，是中国诗歌现实主义传统的重要源头。 —————————— 【评分标准】 ① 概念界定准确（2分） ② 核心特征说明清楚（2分） ③ 表达规范、条理清晰（1分） 满分：5分,该知识点强调汉乐府反映社会现实和人民生活的文学价值,中等,,,,0,No,
汉乐府表现手法,两汉,诗歌,2-070 两汉 汉乐府表现手法,名词解释,,,,,,【名词】 汉乐府表现手法 —————————— 【参考答案要点】 1. 汉乐府在艺术表现上多采用叙事与抒情结合的方式。 2. 常见手法包括铺叙情节、人物对话以及细节描写。 3. 这些表现手法使汉乐府作品具有强烈的生活气息和艺术感染力。 —————————— 【评分标准】 ① 概念界定准确（2分） ② 核心特征说明清楚（2分） ③ 表达规范、条理清晰（1分） 满分：5分,本题重点考查汉乐府在艺术表现上的叙事传统与文学价值,中等,,,,0,No,
《史记》文学成就,两汉,散文,2-080 两汉 《史记》文学成就,名词解释,,,,,,【名词】 《史记》文学成就 —————————— 【参考答案要点】 1. 《史记》是西汉司马迁所著的纪传体通史，在中国文学史上具有重要的文学价值。 2. 作品通过生动叙事与人物刻画，塑造了众多性格鲜明的历史人物，如项羽、李广等。 3. 《史记》语言生动、结构宏大，兼具史学价值与文学价值，对后世史传文学产生深远影响。 —————————— 【评分标准】 ① 概念界定准确（2分） ② 核心特征说明清楚（2分） ③ 表达规范、条理清晰（1分） 满分：5分,本题重点考查史记在文学史上的人物塑造和叙事艺术成就,中等,,,,0,No,
史传文学特色,两汉,散文,2-090 两汉 史传文学特色,名词解释,,,,,,【名词】 史传文学特色 —————————— 【参考答案要点】 1. 史传文学是以历史人物和事件为中心进行叙述的一种文学形式。 2. 其特点是以纪传体结构为主，重视人物传记与事件叙述的结合。 3. 在文学表现上注重人物刻画、情节叙述和语言生动，使史学与文学相结合，形成中国文学史的重要传统。 —————————— 【评分标准】 ① 概念界定准确（2分） ② 核心特征说明清楚（2分） ③ 表达规范、条理清晰（1分） 满分：5分,该概念强调史传文学兼具史学记录与文学表现的双重特点,中等,,,,0,No,
两汉散文,两汉,散文,2-100 两汉 两汉散文,名词解释,,,,,,【名词】 两汉散文 —————————— 【参考答案要点】 1. 两汉散文是指汉代时期形成和发展的散文作品，包括史传散文、政论文和辞赋序跋等。 2. 代表作家有司马迁、贾谊、刘向等，他们的作品在思想内容与文学表达方面都有较高成就。 3. 两汉散文在结构和语言上逐渐成熟，为后世古文发展奠定重要基础。 —————————— 【评分标准】 ① 概念界定准确（2分） ② 核心特征说明清楚（2分） ③ 表达规范、条理清晰（1分） 满分：5分,本题考查两汉散文的发展概况及其在中国散文史中的地位,中等,,,,0,No,
汉赋体制,两汉,辞赋,2-010 两汉 汉赋发展,名词解释,,,,,,【名词】 汉赋体制 —————————— 【参考答案要点】 1. 汉赋体制指汉代辞赋在结构与表现方式上形成的基本形式。 2. 一般包括序、正文等部分，正文常以铺陈描写为主要特点。 3. 汉赋体制在文学史上体现出辞采华丽与结构宏大的特点，对后世辞赋创作产生重要影响。 —————————— 【评分标准】 ① 概念界定准确（2分） ② 核心特征说明清楚（2分） ③ 表达规范、条理清晰（1分） 满分：5分,该概念侧重说明汉赋在结构和艺术形式上的特点,中等,,,,0,No,
汉乐府文学价值,两汉,诗歌,2-050 两汉 汉乐府概况,名词解释,,,,,,【名词】 汉乐府文学价值 —————————— 【参考答案要点】 1. 汉乐府是中国古代诗歌发展的重要阶段。 2. 其作品多来自民间，真实反映社会生活与人民情感。 3. 汉乐府在艺术上语言质朴、生动形象，并对五言诗的发展产生深远影响。 —————————— 【评分标准】 ① 概念界定准确（2分） ② 核心特征说明清楚（2分） ③ 表达规范、条理清晰（1分） 满分：5分,该题强调汉乐府在中国诗歌发展中的文学地位与艺术价值,中等,,,,0,No,
汉乐府现实主义精神,两汉,诗歌,2-060 两汉 汉乐府思想内容,名词解释,,,,,,【名词】 汉乐府现实主义精神 —————————— 【参考答案要点】 1. 汉乐府作品以现实生活为主要描写对象。 2. 通过对战争、徭役和劳动生活的描写表现人民生活状况。 3. 这种真实反映社会现实的创作倾向构成中国诗歌现实主义传统的重要源头。 —————————— 【评分标准】 ① 概念界定准确（2分） ② 核心特征说明清楚（2分） ③ 表达规范、条理清晰（1分） 满分：5分,该概念突出汉乐府对中国现实主义文学传统的重要贡献,中等,,,,0,No,
史传文学人物刻画,两汉,散文,2-090 两汉 史传文学特色,名词解释,,,,,,【名词】 史传文学人物刻画 —————————— 【参考答案要点】 1. 两汉史传文学在人物刻画方面具有鲜明特点。 2. 通过具体事件与细节描写展现人物性格与命运。 3. 这种人物塑造方式在《史记》中达到较高艺术水平，对后世文学产生重要影响。 —————————— 【评分标准】 ① 概念界定准确（2分） ② 核心特征说明清楚（2分） ③ 表达规范、条理清晰（1分） 满分：5分,该题强调史传文学通过叙事塑造人物形象的艺术特点,中等,,,,0,No,
汉赋艺术特色,两汉,辞赋,2-010 两汉 汉赋发展,名词解释,,,,,,【名词】 汉赋艺术特色 —————————— 【参考答案要点】 1. 汉赋在艺术表现上以铺陈描写和辞采华丽为主要特点。 2. 作品常通过大量排比、夸张和铺叙手法描绘宏大场景，体现出壮丽宏阔的艺术风格。 3. 同时汉赋在结构上讲究对仗与节奏，语言富于音韵之美，对后世辞赋和诗歌创作产生深远影响。 —————————— 【评分标准】 ① 概念界定准确（2分） ② 核心特征说明清楚（2分） ③ 表达规范、条理清晰（1分） 满分：5分,本题重点考查汉赋在艺术表现方面的基本特征及其文学史意义,中等,,,,0,No,
建安文学,魏晋南北朝,诗歌,3-010 魏晋南北朝 建安文学,名词解释,,,,,,【名词】 建安文学 —————————— 【参考答案要点】 1. 建安文学是指东汉末年至魏初建安年间形成的一种文学现象，以曹操、曹丕、曹植以及建安七子为代表。 2. 这一时期文学作品多反映社会动乱和时代变迁，表现出强烈的现实关怀与个人情感。 3. 建安文学在艺术上形成慷慨悲凉的风格，对魏晋文学发展产生深远影响。 —————————— 【评分标准】 ① 概念界定准确（2分） ② 核心特征说明清楚（2分） ③ 表达规范、条理清晰（1分） 满分：5分,该概念强调建安文学的时代背景与文学风格体现文学史阶段特征,中等,,,,0,No,
建安风骨,魏晋南北朝,诗歌,3-020 魏晋南北朝 建安风骨,名词解释,,,,,,【名词】 建安风骨 —————————— 【参考答案要点】 1. 建安风骨是指建安时期文学作品所呈现的独特艺术风格。 2. 其主要特点是情感真挚、格调慷慨悲凉、语言质朴刚健。 3. 这一风格体现了战乱时代文人的忧患意识和人格精神，对后世文学评价产生重要影响。 —————————— 【评分标准】 ① 概念界定准确（2分） ② 核心特征说明清楚（2分） ③ 表达规范、条理清晰（1分） 满分：5分,该题重点考查建安文学的艺术风格与文学史评价概念,中等,,,,0,No,
曹操诗歌,魏晋南北朝,诗歌,3-030 魏晋南北朝 曹操诗歌,名词解释,,,,,,【名词】 曹操诗歌 —————————— 【参考答案要点】 1. 曹操是建安文学的重要代表人物之一，其诗歌多反映时代动乱与个人政治抱负。 2. 代表作品有《短歌行》《观沧海》等。 3. 其诗风质朴雄健、气势宏大，对建安文学风格的形成具有重要作用。 —————————— 【评分标准】 ① 概念界定准确（2分） ② 核心特征说明清楚（2分） ③ 表达规范、条理清晰（1分） 满分：5分,本题强调曹操诗歌在建安文学中的地位及其艺术特点,中等,,,,0,No,
曹植诗歌,魏晋南北朝,诗歌,3-040 魏晋南北朝 曹植诗歌,名词解释,,,,,,【名词】 曹植诗歌 —————————— 【参考答案要点】 1. 曹植是建安文学的重要作家之一，其诗歌在文学史上具有较高艺术成就。 2. 作品多表现理想抱负与人生悲慨，如《白马篇》《洛神赋》等。 3. 其诗歌语言华美、情感充沛，被誉为建安文学中最具艺术成就的诗人之一。 —————————— 【评分标准】 ① 概念界定准确（2分） ② 核心特征说明清楚（2分） ③ 表达规范、条理清晰（1分） 满分：5分,该知识点主要考查曹植诗歌的艺术特点与文学史地位,中等,,,,0,No,
正始文学,魏晋南北朝,诗歌,3-050 魏晋南北朝 正始文学,名词解释,,,,,,【名词】 正始文学 —————————— 【参考答案要点】 1. 正始文学是指魏晋之际正始年间形成的一种文学现象。 2. 代表作家有阮籍、嵇康等，他们的作品多表现对现实政治的不满与个人精神追求。 3. 正始文学在思想与艺术上呈现出深沉忧郁的特点，是魏晋文学发展的重要阶段。 —————————— 【评分标准】 ① 概念界定准确（2分） ② 核心特征说明清楚（2分） ③ 表达规范、条理清晰（1分） 满分：5分,本题强调正始文学的时代背景与思想特征,中等,,,,0,No,
竹林七贤,魏晋南北朝,散文,3-060 魏晋南北朝 竹林七贤,名词解释,,,,,,【名词】 竹林七贤 —————————— 【参考答案要点】 1. 竹林七贤是魏晋时期以阮籍、嵇康为代表的七位文人集团。 2. 他们崇尚老庄思想，反对礼法束缚，追求个性自由。 3. 竹林七贤在文学与思想上具有重要影响，是魏晋风度的重要象征。 —————————— 【评分标准】 ① 概念界定准确（2分） ② 核心特征说明清楚（2分） ③ 表达规范、条理清晰（1分） 满分：5分,该概念体现魏晋士人精神风貌及其文学文化意义,中等,,,,0,No,
陶渊明诗歌,魏晋南北朝,诗歌,3-070 魏晋南北朝 陶渊明诗歌,名词解释,,,,,,【名词】 陶渊明诗歌 —————————— 【参考答案要点】 1. 陶渊明是东晋著名诗人，以田园诗创作闻名。 2. 其诗歌多表现归隐田园、热爱自然与追求精神自由。 3. 作品语言质朴自然，情感真挚，对后世田园诗传统产生重要影响。 —————————— 【评分标准】 ① 概念界定准确（2分） ② 核心特征说明清楚（2分） ③ 表达规范、条理清晰（1分） 满分：5分,本题强调陶渊明诗歌的艺术风格与文学史意义,中等,,,,0,No,
南北朝民歌,魏晋南北朝,诗歌,3-080 魏晋南北朝 南北朝民歌,名词解释,,,,,,【名词】 南北朝民歌 —————————— 【参考答案要点】 1. 南北朝民歌是南北朝时期流传的民间歌谣。 2. 南朝民歌多表现爱情题材，语言清新；北朝民歌多表现战争生活，风格豪放。 3. 南北朝民歌在语言与情感表达上具有鲜明特色，对唐诗发展产生一定影响。 —————————— 【评分标准】 ① 概念界定准确（2分） ② 核心特征说明清楚（2分） ③ 表达规范、条理清晰（1分） 满分：5分,该题考查南北朝民歌的内容特点与文学史地位,中等,,,,0,No,
志怪小说,魏晋南北朝,小说,3-090 魏晋南北朝 志怪小说,名词解释,,,,,,【名词】 志怪小说 —————————— 【参考答案要点】 1. 志怪小说是魏晋南北朝时期流行的一种小说类型，主要记录神怪异闻。 2. 代表作品有《搜神记》等。 3. 这些作品在叙事形式和想象表现上具有重要意义，为后世小说发展奠定基础。 —————————— 【评分标准】 ① 概念界定准确（2分） ② 核心特征说明清楚（2分） ③ 表达规范、条理清晰（1分） 满分：5分,本题强调志怪小说在小说史发展中的地位与艺术特点,中等,,,,0,No,
志人小说,魏晋南北朝,小说,3-100 魏晋南北朝 志人小说,名词解释,,,,,,【名词】 志人小说 —————————— 【参考答案要点】 1. 志人小说是魏晋南北朝时期记述人物言行逸事的一类小说。 2. 代表作品有《世说新语》等。 3. 志人小说通过简短故事刻画人物性格，对后世小说创作产生重要影响。 —————————— 【评分标准】 ① 概念界定准确（2分） ② 核心特征说明清楚（2分） ③ 表达规范、条理清晰（1分） 满分：5分,该概念重点在于理解志人小说的题材与文学史意义,中等,,,,0,No,
文学理论（文心雕龙）,魏晋南北朝,文学理论,3-110 魏晋南北朝 文学理论（文心雕龙/诗品）,名词解释,,,,,,【名词】 文心雕龙 —————————— 【参考答案要点】 1. 《文心雕龙》是南朝刘勰创作的重要文学理论著作。 2. 全书系统论述文学创作理论与文学批评标准。 3. 它在中国文学理论史上具有重要地位，被视为古代文论经典。 —————————— 【评分标准】 ① 概念界定准确（2分） ② 核心特征说明清楚（2分） ③ 表达规范、条理清晰（1分） 满分：5分,本题考查文心雕龙在中国文学理论史上的地位与意义,中等,,,,0,No,
文学理论（诗品）,魏晋南北朝,文学理论,3-110 魏晋南北朝 文学理论（文心雕龙/诗品）,名词解释,,,,,,【名词】 诗品 —————————— 【参考答案要点】 1. 《诗品》是南朝钟嵘撰写的诗歌批评著作。 2. 书中按照诗人风格和成就对历代诗人进行品评。 3. 《诗品》在中国诗歌批评史上具有重要地位，对后世诗歌评价产生深远影响。 —————————— 【评分标准】 ① 概念界定准确（2分） ② 核心特征说明清楚（2分） ③ 表达规范、条理清晰（1分） 满分：5分,该题主要考查诗品在中国诗歌批评史中的意义,中等,,,,0,No,
建安七子,魏晋南北朝,诗歌,3-010 魏晋南北朝 建安文学,名词解释,,,,,,【名词】 建安七子 —————————— 【参考答案要点】 1. 建安七子是建安文学的重要作家群体，包括孔融、陈琳、王粲、徐干、阮瑀、应玚、刘桢七人。 2. 他们活跃于东汉末年至魏初时期，与曹氏父子共同构成建安文学的主要力量。 3. 七子作品多反映社会动荡与时代忧患，语言质朴刚健，体现建安文学慷慨悲凉的风格。 —————————— 【评分标准】 ① 概念界定准确（2分） ② 核心特征说明清楚（2分） ③ 表达规范、条理清晰（1分） 满分：5分,该题强调建安七子在建安文学中的地位以及其作品体现的时代精神,中等,,,,0,No,
曹丕文学地位,魏晋南北朝,文学理论,3-010 魏晋南北朝 建安文学,名词解释,,,,,,【名词】 曹丕文学地位 —————————— 【参考答案要点】 1. 曹丕是魏文帝，也是建安文学的重要作家和文学理论家。 2. 其代表文学理论著作《典论·论文》提出“文以气为主”等观点。 3. 曹丕在文学创作与文学理论方面都具有重要地位，对后世文学批评产生深远影响。 —————————— 【评分标准】 ① 概念界定准确（2分） ② 核心特征说明清楚（2分） ③ 表达规范、条理清晰（1分） 满分：5分,本题主要考查曹丕在文学史上的理论贡献与建安文学中的作用,中等,,,,0,No,
阮籍诗歌,魏晋南北朝,诗歌,3-050 魏晋南北朝 正始文学,名词解释,,,,,,【名词】 阮籍诗歌 —————————— 【参考答案要点】 1. 阮籍是正始文学的重要代表人物，其诗歌以《咏怀诗》最为著名。 2. 作品多表现政治压抑下的忧思与人生感慨。 3. 其诗风含蓄深沉，常借象征与隐喻表达思想情感，是正始文学的重要代表。 —————————— 【评分标准】 ① 概念界定准确（2分） ② 核心特征说明清楚（2分） ③ 表达规范、条理清晰（1分） 满分：5分,该题强调阮籍诗歌的思想内容与正始文学特征,中等,,,,0,No,
嵇康文学思想,魏晋南北朝,散文,3-050 魏晋南北朝 正始文学,名词解释,,,,,,【名词】 嵇康文学思想 —————————— 【参考答案要点】 1. 嵇康是正始时期重要思想家与文学家。 2. 其作品如《与山巨源绝交书》等表现出强烈的个性精神与对礼法束缚的不满。 3. 嵇康思想体现魏晋士人追求精神自由的特点，对魏晋文学风格产生重要影响。 —————————— 【评分标准】 ① 概念界定准确（2分） ② 核心特征说明清楚（2分） ③ 表达规范、条理清晰（1分） 满分：5分,本题主要考查嵇康在正始文学中的思想意义与文化价值,中等,,,,0,No,
陶渊明田园诗,魏晋南北朝,诗歌,3-070 魏晋南北朝 陶渊明诗歌,名词解释,,,,,,【名词】 陶渊明田园诗 —————————— 【参考答案要点】 1. 陶渊明是中国田园诗传统的重要开创者。 2. 其作品多描写田园生活与自然景色，表达归隐田园的理想。 3. 语言质朴自然、情感真挚，对后世田园诗创作产生深远影响。 —————————— 【评分标准】 ① 概念界定准确（2分） ② 核心特征说明清楚（2分） ③ 表达规范、条理清晰（1分） 满分：5分,该题强调陶渊明诗歌在田园诗传统中的开创意义,中等,,,,0,No,
南朝民歌,魏晋南北朝,诗歌,3-080 魏晋南北朝 南北朝民歌,名词解释,,,,,,【名词】 南朝民歌 —————————— 【参考答案要点】 1. 南朝民歌是南朝时期流行的民间歌谣。 2. 其内容多表现男女爱情和日常生活。 3. 语言清新自然、感情真挚，对后世诗歌发展产生一定影响。 —————————— 【评分标准】 ① 概念界定准确（2分） ② 核心特征说明清楚（2分） ③ 表达规范、条理清晰（1分） 满分：5分,该题主要考查南朝民歌的内容与艺术特点,中等,,,,0,No,
北朝民歌,魏晋南北朝,诗歌,3-080 魏晋南北朝 南北朝民歌,名词解释,,,,,,【名词】 北朝民歌 —————————— 【参考答案要点】 1. 北朝民歌是北朝地区流传的民间诗歌。 2. 其内容多表现战争生活与民族风貌。 3. 风格豪放刚健，具有浓厚的北方民族气息，如《木兰诗》等作品。 —————————— 【评分标准】 ① 概念界定准确（2分） ② 核心特征说明清楚（2分） ③ 表达规范、条理清晰（1分） 满分：5分,该题强调北朝民歌的题材特点与文学史意义,中等,,,,0,No,
志怪小说特点,魏晋南北朝,小说,3-090 魏晋南北朝 志怪小说,名词解释,,,,,,【名词】 志怪小说特点 —————————— 【参考答案要点】 1. 志怪小说主要记述神怪异闻与奇异故事。 2. 内容多涉及鬼神、异事等幻想题材。 3. 在叙事形式与想象表现方面具有重要意义，对后世小说发展产生影响。 —————————— 【评分标准】 ① 概念界定准确（2分） ② 核心特征说明清楚（2分） ③ 表达规范、条理清晰（1分） 满分：5分,本题主要考查志怪小说的基本特征及其文学史意义,中等,,,,0,No,
志人小说特点,魏晋南北朝,小说,3-100 魏晋南北朝 志人小说,名词解释,,,,,,【名词】 志人小说特点 —————————— 【参考答案要点】 1. 志人小说主要记述人物言行轶事。 2. 内容多反映士人风度与社会生活。 3. 通过简短故事刻画人物性格，如《世说新语》，对小说发展产生影响。 —————————— 【评分标准】 ① 概念界定准确（2分） ② 核心特征说明清楚（2分） ③ 表达规范、条理清晰（1分） 满分：5分,该题重点说明志人小说的题材特征与文学史地位,中等,,,,0,No,
文心雕龙文学理论,魏晋南北朝,文学理论,3-110 魏晋南北朝 文学理论（文心雕龙/诗品）,名词解释,,,,,,【名词】 文心雕龙文学理论 —————————— 【参考答案要点】 1. 《文心雕龙》是刘勰创作的重要文学理论著作。 2. 书中系统论述文学创作原则与文学批评标准。 3. 该书在中国文学理论史上具有重要地位，被视为古代文论经典。 —————————— 【评分标准】 ① 概念界定准确（2分） ② 核心特征说明清楚（2分） ③ 表达规范、条理清晰（1分） 满分：5分,该题考查文心雕龙在中国文学理论史中的重要地位,中等,,,,0,No,
诗品诗歌批评,魏晋南北朝,文学理论,3-110 魏晋南北朝 文学理论（文心雕龙/诗品）,名词解释,,,,,,【名词】 诗品诗歌批评 —————————— 【参考答案要点】 1. 《诗品》是南朝文学批评家钟嵘撰写的重要诗歌评论著作。 2. 书中以品第方式对汉魏以来诗人进行评价，并提出“滋味说”等诗歌审美观点。 3. 《诗品》是中国古代第一部系统的诗歌评论专著，对后世诗歌批评产生深远影响。 —————————— 【评分标准】 ① 概念界定准确（2分） ② 核心特征说明清楚（2分） ③ 表达规范、条理清晰（1分） 满分：5分,该题考查诗品在中国诗歌批评史中的地位及其主要理论贡献,中等,,,,0,No,
建安诗歌风格,魏晋南北朝,诗歌,3-020 魏晋南北朝 建安风骨,名词解释,,,,,,【名词】 建安诗歌风格 —————————— 【参考答案要点】 1. 建安诗歌风格是建安时期文学作品形成的一种典型艺术风貌。 2. 其主要特点为慷慨悲凉、情感真挚、语言质朴刚健。 3. 这种风格反映出东汉末年社会动荡与文人忧患意识，对魏晋文学发展产生重要影响。 —————————— 【评分标准】 ① 概念界定准确（2分） ② 核心特征说明清楚（2分） ③ 表达规范、条理清晰（1分） 满分：5分,本题强调建安诗歌艺术风格与时代精神之间的联系,中等,,,,0,No,
魏晋文学精神,魏晋南北朝,文学理论,3-050 魏晋南北朝 正始文学,名词解释,,,,,,【名词】 魏晋文学精神 —————————— 【参考答案要点】 1. 魏晋文学精神是指魏晋时期文学创作中体现的一种思想文化特征。 2. 这一时期文学强调个性表达与精神自由，常表现人生感慨与哲学思考。 3. 魏晋文学精神体现士人追求独立人格与审美自由，对中国文学传统产生重要影响。 —————————— 【评分标准】 ① 概念界定准确（2分） ② 核心特征说明清楚（2分） ③ 表达规范、条理清晰（1分） 满分：5分,该题主要考查魏晋文学在思想与审美层面的重要特征,中等,,,,0,No,
初唐诗歌,隋唐,诗歌,4-010 唐代 初唐诗歌,名词解释,,,,,,【名词】 初唐诗歌 —————————— 【参考答案要点】 1. 初唐诗歌指唐代初期武德至开元前期的诗歌创作阶段。 2. 这一时期诗歌逐渐摆脱齐梁宫体诗的影响，在形式与内容上开始转变。 3. 代表诗人有王勃、杨炯、卢照邻、骆宾王等“初唐四杰”，他们提倡革新诗风，为盛唐诗歌繁荣奠定基础。 —————————— 【评分标准】 ① 概念界定准确（2分） ② 核心特征说明清楚（2分） ③ 表达规范、条理清晰（1分） 满分：5分,本题考查初唐诗歌的文学史阶段特征及其承前启后的意义,中等,,,,0,No,
盛唐诗歌,隋唐,诗歌,4-020 唐代 盛唐诗歌,名词解释,,,,,,【名词】 盛唐诗歌 —————————— 【参考答案要点】 1. 盛唐诗歌是唐玄宗开元、天宝时期诗歌创作的高峰阶段。 2. 这一时期诗歌题材广阔，气象宏大，艺术成就达到中国古典诗歌的顶峰。 3. 代表诗人有李白、杜甫、王维、高适、岑参等，其作品体现盛唐时代的精神风貌。 —————————— 【评分标准】 ① 概念界定准确（2分） ② 核心特征说明清楚（2分） ③ 表达规范、条理清晰（1分） 满分：5分,该题主要考查盛唐诗歌的文学史地位及其艺术特点,中等,,,,0,No,
中唐诗歌,隋唐,诗歌,4-030 唐代 中唐诗歌,名词解释,,,,,,【名词】 中唐诗歌 —————————— 【参考答案要点】 1. 中唐诗歌是安史之乱后至晚唐前期的诗歌创作阶段。 2. 这一时期诗歌更多反映社会现实与个人情感。 3. 代表诗人有白居易、元稹、韩愈、刘禹锡等，其中新乐府运动推动诗歌关注社会现实。 —————————— 【评分标准】 ① 概念界定准确（2分） ② 核心特征说明清楚（2分） ③ 表达规范、条理清晰（1分） 满分：5分,本题强调中唐诗歌的现实关怀与文学发展特点,中等,,,,0,No,
晚唐诗歌,隋唐,诗歌,4-040 唐代 晚唐诗歌,名词解释,,,,,,【名词】 晚唐诗歌 —————————— 【参考答案要点】 1. 晚唐诗歌指唐代后期的诗歌创作阶段。 2. 这一时期社会动荡，诗歌风格趋向精致与感伤。 3. 代表诗人有李商隐、杜牧等，其诗歌多表现个人情感与时代衰败的感慨。 —————————— 【评分标准】 ① 概念界定准确（2分） ② 核心特征说明清楚（2分） ③ 表达规范、条理清晰（1分） 满分：5分,该题考查晚唐诗歌的时代背景与艺术风格特点,中等,,,,0,No,
山水田园诗派,隋唐,诗歌,4-050 唐代 山水田园诗派,名词解释,,,,,,【名词】 山水田园诗派 —————————— 【参考答案要点】 1. 山水田园诗派是盛唐时期重要的诗歌流派。 2. 代表诗人有王维、孟浩然等。 3. 其诗歌多描写自然山水与田园生活，风格清新淡远，体现人与自然和谐的审美境界。 —————————— 【评分标准】 ① 概念界定准确（2分） ② 核心特征说明清楚（2分） ③ 表达规范、条理清晰（1分） 满分：5分,本题主要考查盛唐诗歌流派及其艺术特点,中等,,,,0,No,
边塞诗派,隋唐,诗歌,4-060 唐代 边塞诗派,名词解释,,,,,,【名词】 边塞诗派 —————————— 【参考答案要点】 1. 边塞诗派是盛唐时期描写边疆生活与战争题材的诗歌流派。 2. 代表诗人有高适、岑参等。 3. 其诗歌气势豪迈，描写壮阔边塞景象，体现盛唐时代的英雄气概。 —————————— 【评分标准】 ① 概念界定准确（2分） ② 核心特征说明清楚（2分） ③ 表达规范、条理清晰（1分） 满分：5分,该题重点考查边塞诗派的题材特征与文学史地位,中等,,,,0,No,
李白诗歌,隋唐,诗歌,4-070 唐代 李白诗歌,名词解释,,,,,,【名词】 李白诗歌 —————————— 【参考答案要点】 1. 李白是盛唐时期伟大的浪漫主义诗人。 2. 其诗歌题材广泛，多表现豪放情怀与自由精神。 3. 作品想象丰富、气势奔放，如《将进酒》《蜀道难》等，在中国诗歌史上具有极高地位。 —————————— 【评分标准】 ① 概念界定准确（2分） ② 核心特征说明清楚（2分） ③ 表达规范、条理清晰（1分） 满分：5分,本题强调李白诗歌的浪漫主义特色及其文学史地位,中等,,,,0,No,
杜甫诗歌,隋唐,诗歌,4-080 唐代 杜甫诗歌,名词解释,,,,,,【名词】 杜甫诗歌 —————————— 【参考答案要点】 1. 杜甫是盛唐时期重要现实主义诗人。 2. 其诗歌多反映社会现实和人民苦难。 3. 代表作品如“三吏”“三别”，其诗被称为“诗史”，在中国文学史上具有重要地位。 —————————— 【评分标准】 ① 概念界定准确（2分） ② 核心特征说明清楚（2分） ③ 表达规范、条理清晰（1分） 满分：5分,本题主要考查杜甫诗歌的现实主义精神及文学史意义,中等,,,,0,No,
王维诗歌,隋唐,诗歌,4-090 唐代 王维诗歌,名词解释,,,,,,【名词】 王维诗歌 —————————— 【参考答案要点】 1. 王维是盛唐山水田园诗的重要代表。 2. 其诗歌以描写自然山水见长。 3. 作品风格清新淡远，诗中有画，被称为“诗佛”，在中国诗歌史上具有重要地位。 —————————— 【评分标准】 ① 概念界定准确（2分） ② 核心特征说明清楚（2分） ③ 表达规范、条理清晰（1分） 满分：5分,该题强调王维诗歌的艺术特色及其在诗坛的地位,中等,,,,0,No,
高适岑参诗歌,隋唐,诗歌,4-100 唐代 高适岑参诗歌,名词解释,,,,,,【名词】 高适岑参诗歌 —————————— 【参考答案要点】 1. 高适与岑参是盛唐边塞诗的重要代表。 2. 他们的诗歌多描写边疆战争、军旅生活与壮阔景象。 3. 作品气势豪迈，具有鲜明的时代精神，是盛唐边塞诗的重要成就。 —————————— 【评分标准】 ① 概念界定准确（2分） ② 核心特征说明清楚（2分） ③ 表达规范、条理清晰（1分） 满分：5分,本题考查盛唐边塞诗创作的重要代表及其艺术特征,中等,,,,0,No,
白居易诗歌,隋唐,诗歌,4-110 唐代 白居易诗歌,名词解释,,,,,,【名词】 白居易诗歌 —————————— 【参考答案要点】 1. 白居易是中唐时期重要诗人。 2. 他主张诗歌应反映社会现实并具有教化功能。 3. 其代表作品如《长恨歌》《卖炭翁》，语言通俗明白，具有强烈现实关怀。 —————————— 【评分标准】 ① 概念界定准确（2分） ② 核心特征说明清楚（2分） ③ 表达规范、条理清晰（1分） 满分：5分,本题主要考查白居易诗歌的创作主张与现实主义特点,中等,,,,0,No,
新乐府运动,隋唐,诗歌,4-120 唐代 新乐府运动,名词解释,,,,,,【名词】 新乐府运动 —————————— 【参考答案要点】 1. 新乐府运动是中唐时期的一场诗歌革新运动。 2. 代表人物有白居易、元稹等。 3. 他们提倡以诗歌反映社会现实，强调“文章合为时而著”，推动诗歌关注民生。 —————————— 【评分标准】 ① 概念界定准确（2分） ② 核心特征说明清楚（2分） ③ 表达规范、条理清晰（1分） 满分：5分,该题考查新乐府运动的主张与文学史意义,中等,,,,0,No,
古文运动,隋唐,散文,4-130 唐代 古文运动,名词解释,,,,,,【名词】 古文运动 —————————— 【参考答案要点】 1. 古文运动是中唐时期的一场散文革新运动。 2. 代表人物有韩愈、柳宗元。 3. 他们反对骈文，提倡学习先秦两汉散文，使散文创作恢复质朴自然的风格。 —————————— 【评分标准】 ① 概念界定准确（2分） ② 核心特征说明清楚（2分） ③ 表达规范、条理清晰（1分） 满分：5分,该题强调古文运动在中国散文史上的重要地位,中等,,,,0,No,
唐传奇,隋唐,小说,4-140 唐代 唐传奇,名词解释,,,,,,【名词】 唐传奇 —————————— 【参考答案要点】 1. 唐传奇是唐代成熟的文言短篇小说形式，是中国古代小说发展史上的重要阶段。 2. 作品多取材于爱情、奇遇、侠义等题材，如《莺莺传》《霍小玉传》《李娃传》等。 3. 唐传奇在人物塑造、情节结构和叙事艺术方面都有明显发展，对后世小说和戏曲创作产生深远影响。 —————————— 【评分标准】 ① 概念界定准确（2分） ② 核心特征说明清楚（2分） ③ 表达规范、条理清晰（1分） 满分：5分,本题重点考查唐传奇在中国小说史中的地位及其艺术特点,中等,,,,0,No,
唐诗艺术特色,隋唐,诗歌,4-150 唐代 唐诗艺术特色,名词解释,,,,,,【名词】 唐诗艺术特色 —————————— 【参考答案要点】 1. 唐诗是中国古典诗歌发展的高峰，在艺术上具有高度成熟的表现形式。 2. 其艺术特点包括题材广阔、风格多样以及格律诗形式的成熟。 3. 唐诗在语言运用、意境创造和情感表达方面达到极高水平，对中国文学产生深远影响。 —————————— 【评分标准】 ① 概念界定准确（2分） ② 核心特征说明清楚（2分） ③ 表达规范、条理清晰（1分） 满分：5分,该题考查唐诗整体艺术特征及其文学史地位,中等,,,,0,No,
王维山水诗,隋唐,诗歌,4-090 唐代 王维诗歌,名词解释,,,,,,【名词】 王维山水诗 —————————— 【参考答案要点】 1. 王维山水诗是盛唐山水田园诗的重要代表。 2. 作品多描写自然山水景色，体现恬淡宁静的审美境界。 3. 其诗歌常融诗、画、禅意于一体，具有“诗中有画”的艺术特色。 —————————— 【评分标准】 ① 概念界定准确（2分） ② 核心特征说明清楚（2分） ③ 表达规范、条理清晰（1分） 满分：5分,本题主要考查王维诗歌的艺术特色及其在山水诗传统中的地位,中等,,,,0,No,
杜甫诗史,隋唐,诗歌,4-080 唐代 杜甫诗歌,名词解释,,,,,,【名词】 杜甫诗史 —————————— 【参考答案要点】 1. “诗史”是后人对杜甫诗歌的重要评价。 2. 杜甫的诗歌真实记录了安史之乱前后社会动荡与人民疾苦。 3. 因其作品具有深刻的历史内容与现实关怀，故被称为“诗史”。 —————————— 【评分标准】 ① 概念界定准确（2分） ② 核心特征说明清楚（2分） ③ 表达规范、条理清晰（1分） 满分：5分,该题强调杜甫诗歌的历史记录价值与现实主义精神,中等,,,,0,No,
李白浪漫主义诗风,隋唐,诗歌,4-070 唐代 李白诗歌,名词解释,,,,,,【名词】 李白浪漫主义诗风 —————————— 【参考答案要点】 1. 李白诗歌是盛唐浪漫主义诗歌的重要代表。 2. 其作品想象丰富、气势奔放，常表现自由精神与豪迈情怀。 3. 语言夸张瑰丽，意境开阔，对中国诗歌传统产生深远影响。 —————————— 【评分标准】 ① 概念界定准确（2分） ② 核心特征说明清楚（2分） ③ 表达规范、条理清晰（1分） 满分：5分,本题主要考查李白诗歌的艺术风格与文学史意义,中等,,,,0,No,
边塞诗艺术特点,隋唐,诗歌,4-060 唐代 边塞诗派,名词解释,,,,,,【名词】 边塞诗艺术特点 —————————— 【参考答案要点】 1. 边塞诗是盛唐诗歌的重要类型。 2. 其内容多描写边疆战争、军旅生活及壮阔自然景象。 3. 诗歌风格雄浑豪放，气势宏大，体现盛唐时代的英雄气概。 —————————— 【评分标准】 ① 概念界定准确（2分） ② 核心特征说明清楚（2分） ③ 表达规范、条理清晰（1分） 满分：5分,该题重点考查边塞诗的艺术风格及文学史意义,中等,,,,0,No,
山水田园诗艺术特色,隋唐,诗歌,4-050 唐代 山水田园诗派,名词解释,,,,,,【名词】 山水田园诗艺术特色 —————————— 【参考答案要点】 1. 山水田园诗以描写自然山水和田园生活为主要内容。 2. 诗歌多表现宁静淡远的意境以及人与自然和谐的审美理想。 3. 代表诗人王维、孟浩然，其作品语言清新自然，意境优美。 —————————— 【评分标准】 ① 概念界定准确（2分） ② 核心特征说明清楚（2分） ③ 表达规范、条理清晰（1分） 满分：5分,本题强调山水田园诗的艺术特点与文学价值,中等,,,,0,No,
晚唐诗风特点,隋唐,诗歌,4-040 唐代 晚唐诗歌,名词解释,,,,,,【名词】 晚唐诗风特点 —————————— 【参考答案要点】 1. 晚唐诗歌是在唐代后期社会动荡背景下形成的诗歌风格。 2. 其作品多表现个人情感与时代衰败的感慨。 3. 诗歌风格趋于精致、婉约和含蓄，以李商隐、杜牧为代表。 —————————— 【评分标准】 ① 概念界定准确（2分） ② 核心特征说明清楚（2分） ③ 表达规范、条理清晰（1分） 满分：5分,该题考查晚唐诗歌的时代背景及其艺术风格特征,中等,,,,0,No,
中唐现实主义诗歌,隋唐,诗歌,4-030 唐代 中唐诗歌,名词解释,,,,,,【名词】 中唐现实主义诗歌 —————————— 【参考答案要点】 1. 中唐诗歌在安史之乱后逐渐强化现实主义精神。 2. 诗人关注社会矛盾与民生问题。 3. 白居易等诗人通过新乐府创作推动诗歌表现现实生活。 —————————— 【评分标准】 ① 概念界定准确（2分） ② 核心特征说明清楚（2分） ③ 表达规范、条理清晰（1分） 满分：5分,本题强调中唐诗歌现实主义发展特点,中等,,,,0,No,
初唐诗歌革新,隋唐,诗歌,4-010 唐代 初唐诗歌,名词解释,,,,,,【名词】 初唐诗歌革新 —————————— 【参考答案要点】 1. 初唐诗人致力于改变六朝以来宫体诗的柔靡风格。 2. 他们在题材与风格上进行创新，增强诗歌内容的现实性。 3. 初唐四杰等人的努力为盛唐诗歌繁荣奠定重要基础。 —————————— 【评分标准】 ① 概念界定准确（2分） ② 核心特征说明清楚（2分） ③ 表达规范、条理清晰（1分） 满分：5分,该题主要考查初唐诗歌在文学史发展中的过渡作用,中等,,,,0,No,
孟浩然诗歌,隋唐,诗歌,4-050 唐代 山水田园诗派,名词解释,,,,,,【名词】 孟浩然诗歌 —————————— 【参考答案要点】 1. 孟浩然是盛唐山水田园诗派的重要代表诗人。 2. 其诗歌多描写自然山水与隐逸生活，表现恬淡闲适的情怀。 3. 语言清新自然，意境幽远，对唐代山水田园诗的发展产生重要影响。 —————————— 【评分标准】 ① 概念界定准确（2分） ② 核心特征说明清楚（2分） ③ 表达规范、条理清晰（1分） 满分：5分,本题主要考查孟浩然在山水田园诗派中的地位与诗歌艺术特点,中等,,,,0,No,
盛唐气象,隋唐,诗歌,4-020 唐代 盛唐诗歌,名词解释,,,,,,【名词】 盛唐气象 —————————— 【参考答案要点】 1. “盛唐气象”是对盛唐诗歌整体风格和时代精神的概括。 2. 盛唐诗歌气势宏大、格调昂扬，体现出开阔自信的时代精神。 3. 李白、杜甫、高适、岑参等诗人的作品集中体现这一艺术风貌。 —————————— 【评分标准】 ① 概念界定准确（2分） ② 核心特征说明清楚（2分） ③ 表达规范、条理清晰（1分） 满分：5分,该题考查盛唐诗歌整体艺术风格与时代精神之间的关系,中等,,,,0,No,
韩愈古文主张,隋唐,散文,4-130 唐代 古文运动,名词解释,,,,,,【名词】 韩愈古文主张 —————————— 【参考答案要点】 1. 韩愈是唐代古文运动的主要倡导者。 2. 他主张恢复先秦两汉散文传统，反对骈文的华丽空洞。 3. 强调文章应“文以载道”，对中国散文发展产生重要影响。 —————————— 【评分标准】 ① 概念界定准确（2分） ② 核心特征说明清楚（2分） ③ 表达规范、条理清晰（1分） 满分：5分,本题重点考查古文运动的理论主张及其文学史意义,中等,,,,0,No,
柳宗元散文,隋唐,散文,4-130 唐代 古文运动,名词解释,,,,,,【名词】 柳宗元散文 —————————— 【参考答案要点】 1. 柳宗元是古文运动的重要作家之一。 2. 其散文多以山水游记、寓言和政论文著称。 3. 作品语言简练、结构严谨，如《永州八记》等，在中国散文史上具有重要地位。 —————————— 【评分标准】 ① 概念界定准确（2分） ② 核心特征说明清楚（2分） ③ 表达规范、条理清晰（1分） 满分：5分,该题考查柳宗元散文创作特点及其在古文运动中的作用,中等,,,,0,No,
唐传奇爱情题材,隋唐,小说,4-140 唐代 唐传奇,名词解释,,,,,,【名词】 唐传奇爱情题材 —————————— 【参考答案要点】 1. 唐传奇中爱情题材是重要内容类型。 2. 代表作品有《莺莺传》《霍小玉传》《李娃传》等。 3. 这些作品通过曲折情节刻画人物情感，对后世戏曲与小说创作产生重要影响。 —————————— 【评分标准】 ① 概念界定准确（2分） ② 核心特征说明清楚（2分） ③ 表达规范、条理清晰（1分） 满分：5分,本题考查唐传奇爱情故事题材及其文学史价值,中等,,,,0,No,
唐传奇叙事特点,隋唐,小说,4-140 唐代 唐传奇,名词解释,,,,,,【名词】 唐传奇叙事特点 —————————— 【参考答案要点】 1. 唐传奇在叙事结构和人物刻画方面较六朝小说有明显发展。 2. 作品情节完整，人物形象鲜明。 3. 叙事艺术更加成熟，为中国古代小说发展奠定重要基础。 —————————— 【评分标准】 ① 概念界定准确（2分） ② 核心特征说明清楚（2分） ③ 表达规范、条理清晰（1分） 满分：5分,该题重点考查唐传奇叙事艺术的成熟程度,中等,,,,0,No,
李白诗歌想象,隋唐,诗歌,4-070 唐代 李白诗歌,名词解释,,,,,,【名词】 李白诗歌想象 —————————— 【参考答案要点】 1. 李白诗歌以丰富奇特的艺术想象著称。 2. 作品常通过夸张与幻想表现豪放情怀。 3. 这种浪漫主义想象使其诗歌具有宏阔意境和独特艺术魅力。 —————————— 【评分标准】 ① 概念界定准确（2分） ② 核心特征说明清楚（2分） ③ 表达规范、条理清晰（1分） 满分：5分,本题考查李白诗歌浪漫主义艺术特点,中等,,,,0,No,
杜甫现实主义精神,隋唐,诗歌,4-080 唐代 杜甫诗歌,名词解释,,,,,,【名词】 杜甫现实主义精神 —————————— 【参考答案要点】 1. 杜甫诗歌以深刻的现实主义精神著称。 2. 其作品真实反映安史之乱时期社会动荡与人民苦难。 3. 诗歌内容具有强烈历史责任感，因此被称为“诗史”。 —————————— 【评分标准】 ① 概念界定准确（2分） ② 核心特征说明清楚（2分） ③ 表达规范、条理清晰（1分） 满分：5分,该题强调杜甫诗歌现实主义传统及其文学史意义,中等,,,,0,No,
高适边塞诗,隋唐,诗歌,4-100 唐代 高适岑参诗歌,名词解释,,,,,,【名词】 高适边塞诗 —————————— 【参考答案要点】 1. 高适是盛唐边塞诗派的重要代表诗人。 2. 其诗歌多表现军旅生活与边疆战事。 3. 风格雄浑沉郁，具有强烈现实感，是边塞诗的重要成就。 —————————— 【评分标准】 ① 概念界定准确（2分） ② 核心特征说明清楚（2分） ③ 表达规范、条理清晰（1分） 满分：5分,本题考查高适诗歌在边塞诗传统中的地位,中等,,,,0,No,
岑参边塞诗,隋唐,诗歌,4-100 唐代 高适岑参诗歌,名词解释,,,,,,【名词】 岑参边塞诗 —————————— 【参考答案要点】 1. 岑参是盛唐边塞诗派的重要代表。 2. 其诗歌描写边疆奇异风光与战争场景。 3. 风格雄奇瑰丽，富于想象，在边塞诗中具有独特艺术成就。 —————————— 【评分标准】 ① 概念界定准确（2分） ② 核心特征说明清楚（2分） ③ 表达规范、条理清晰（1分） 满分：5分,该题主要考查岑参诗歌的艺术特色与文学史地位,中等,,,,0,No,
宋词发展,宋,诗歌,5-010 宋代 宋词发展,名词解释,,,,,,【名词】 宋词发展 —————————— 【参考答案要点】 1. 宋词是在唐五代词基础上发展成熟的一种文学体裁。 2. 北宋时期词逐渐摆脱宴乐歌辞性质，题材与艺术形式不断扩大。 3. 到南宋时期，词的艺术表现达到高度成熟，形成婉约与豪放等多种风格，在中国文学史上占据重要地位。 —————————— 【评分标准】 ① 概念界定准确（2分） ② 核心特征说明清楚（2分） ③ 表达规范、条理清晰（1分） 满分：5分,该题考查宋词从唐五代到两宋的发展过程及其文学史意义,中等,,,,0,No,
北宋词坛,宋,诗歌,5-020 宋代 北宋词坛,名词解释,,,,,,【名词】 北宋词坛 —————————— 【参考答案要点】 1. 北宋词坛指宋代前期词人及其创作活动形成的文学局面。 2. 这一时期词由宴乐文学逐渐走向抒情文学。 3. 代表词人有柳永、欧阳修、晏殊、苏轼等，他们推动词体在题材和艺术上的革新。 —————————— 【评分标准】 ① 概念界定准确（2分） ② 核心特征说明清楚（2分） ③ 表达规范、条理清晰（1分） 满分：5分,本题强调北宋词坛的发展特点与代表作家,中等,,,,0,No,
南宋词坛,宋,诗歌,5-030 宋代 南宋词坛,名词解释,,,,,,【名词】 南宋词坛 —————————— 【参考答案要点】 1. 南宋词坛是宋代后期词创作的重要阶段。 2. 词人多表达家国之思与民族忧患。 3. 代表人物有辛弃疾、陆游、姜夔等，词风多慷慨激昂，艺术成就极高。 —————————— 【评分标准】 ① 概念界定准确（2分） ② 核心特征说明清楚（2分） ③ 表达规范、条理清晰（1分） 满分：5分,该题考查南宋词坛的时代背景及其文学特色,中等,,,,0,No,
婉约词,宋,诗歌,5-040 宋代 婉约词,名词解释,,,,,,【名词】 婉约词 —————————— 【参考答案要点】 1. 婉约词是宋词的重要风格类型之一。 2. 作品多表现爱情、离愁与细腻情感。 3. 语言柔美含蓄，意境幽雅，代表词人有柳永、李清照等。 —————————— 【评分标准】 ① 概念界定准确（2分） ② 核心特征说明清楚（2分） ③ 表达规范、条理清晰（1分） 满分：5分,本题考查宋词风格类型及其艺术特点,中等,,,,0,No,
豪放词,宋,诗歌,5-050 宋代 豪放词,名词解释,,,,,,【名词】 豪放词 —————————— 【参考答案要点】 1. 豪放词是宋词的重要艺术风格之一。 2. 作品题材广阔，多表现政治理想与豪迈情怀。 3. 代表词人有苏轼、辛弃疾等，其词气势宏阔，对宋词发展影响深远。 —————————— 【评分标准】 ① 概念界定准确（2分） ② 核心特征说明清楚（2分） ③ 表达规范、条理清晰（1分） 满分：5分,本题考查豪放词的艺术特征及其代表作家,中等,,,,0,No,
苏轼词,宋,诗歌,5-060 宋代 苏轼词,名词解释,,,,,,【名词】 苏轼词 —————————— 【参考答案要点】 1. 苏轼是北宋文学家，也是豪放词风的重要开创者。 2. 他扩大词的题材范围，使词能够表现政治理想、人生哲理等内容。 3. 其代表作品如《念奴娇·赤壁怀古》等，对宋词发展产生重要影响。 —————————— 【评分标准】 ① 概念界定准确（2分） ② 核心特征说明清楚（2分） ③ 表达规范、条理清晰（1分） 满分：5分,本题考查苏轼词在宋词发展史上的创新意义,中等,,,,0,No,
辛弃疾词,宋,诗歌,5-070 宋代 辛弃疾词,名词解释,,,,,,【名词】 辛弃疾词 —————————— 【参考答案要点】 1. 辛弃疾是南宋豪放词的重要代表。 2. 其词多表现抗金理想与家国情怀。 3. 作品气势雄浑，情感激昂，在宋词史上具有重要地位。 —————————— 【评分标准】 ① 概念界定准确（2分） ② 核心特征说明清楚（2分） ③ 表达规范、条理清晰（1分） 满分：5分,该题主要考查辛弃疾词的思想内容与艺术特色,中等,,,,0,No,
李清照词,宋,诗歌,5-080 宋代 李清照词,名词解释,,,,,,【名词】 李清照词 —————————— 【参考答案要点】 1. 李清照是宋代著名女词人。 2. 其词多表现个人情感与人生感慨。 3. 语言清丽婉约，艺术成就极高，是婉约词的重要代表。 —————————— 【评分标准】 ① 概念界定准确（2分） ② 核心特征说明清楚（2分） ③ 表达规范、条理清晰（1分） 满分：5分,本题考查李清照词在宋词史中的地位及艺术特色,中等,,,,0,No,
柳永词,宋,诗歌,5-090 宋代 柳永词,名词解释,,,,,,【名词】 柳永词 —————————— 【参考答案要点】 1. 柳永是北宋重要词人。 2. 他扩大词的表现内容，使词更多描写市民生活与爱情情感。 3. 其词语言通俗，长调创作丰富，对宋词发展影响深远。 —————————— 【评分标准】 ① 概念界定准确（2分） ② 核心特征说明清楚（2分） ③ 表达规范、条理清晰（1分） 满分：5分,本题考查柳永在宋词发展中的重要作用,中等,,,,0,No,
欧阳修散文,宋,散文,5-100 宋代 欧阳修散文,名词解释,,,,,,【名词】 欧阳修散文 —————————— 【参考答案要点】 1. 欧阳修是北宋重要文学家，也是古文运动的重要代表。 2. 其散文继承唐代韩愈、柳宗元传统。 3. 作品语言平易自然，如《醉翁亭记》等，在中国散文史上具有重要地位。 —————————— 【评分标准】 ① 概念界定准确（2分） ② 核心特征说明清楚（2分） ③ 表达规范、条理清晰（1分） 满分：5分,本题主要考查欧阳修散文的艺术特点与文学史意义,中等,,,,0,No,
江西诗派,宋,诗歌,5-110 宋代 江西诗派,名词解释,,,,,,【名词】 江西诗派 —————————— 【参考答案要点】 1. 江西诗派是宋代重要诗歌流派。 2. 以黄庭坚为代表，强调学习杜甫诗法。 3. 主张“点铁成金”“夺胎换骨”等诗歌理论，对宋代诗歌创作产生重要影响。 —————————— 【评分标准】 ① 概念界定准确（2分） ② 核心特征说明清楚（2分） ③ 表达规范、条理清晰（1分） 满分：5分,该题考查江西诗派的理论主张及其文学史地位,中等,,,,0,No,
宋代话本,宋,小说,5-120 宋代 宋代话本,名词解释,,,,,,【名词】 宋代话本 —————————— 【参考答案要点】 1. 宋代话本是宋代说话艺人讲述故事的底本。 2. 内容多取材于历史、爱情或社会生活。 3. 话本在语言与叙事结构上具有口语化特点，是中国小说发展史的重要阶段。 —————————— 【评分标准】 ① 概念界定准确（2分） ② 核心特征说明清楚（2分） ③ 表达规范、条理清晰（1分） 满分：5分,本题主要考查宋代话本在中国小说史中的意义,中等,,,,0,No,
苏轼豪放词风,宋,诗歌,5-050 宋代 豪放词,名词解释,,,,,,【名词】 苏轼豪放词风 —————————— 【参考答案要点】 1. 苏轼是北宋豪放词风的重要开创者之一。 2. 他突破传统词多写男女离愁的题材限制，将词用于表现政治理想、人生感慨和自然景观。 3. 其词气势开阔、格调雄浑，如《念奴娇·赤壁怀古》，对宋词风格发展产生深远影响。 —————————— 【评分标准】 ① 概念界定准确（2分） ② 核心特征说明清楚（2分） ③ 表达规范、条理清晰（1分） 满分：5分,该题考查苏轼在豪放词形成中的关键作用及其艺术特点,中等,,,,0,No,
辛弃疾爱国词风,宋,诗歌,5-070 宋代 辛弃疾词,名词解释,,,,,,【名词】 辛弃疾爱国词风 —————————— 【参考答案要点】 1. 辛弃疾是南宋豪放词的重要代表词人。 2. 其词多表达抗金复国的政治理想与深沉的家国情怀。 3. 作品气势雄浑，语言豪迈，如《破阵子》《永遇乐》等，在宋词史上具有重要地位。 —————————— 【评分标准】 ① 概念界定准确（2分） ② 核心特征说明清楚（2分） ③ 表达规范、条理清晰（1分） 满分：5分,本题重点考查辛弃疾词的思想内容与豪放艺术特色,中等,,,,0,No,
李清照词风变化,宋,诗歌,5-080 宋代 李清照词,名词解释,,,,,,【名词】 李清照词风变化 —————————— 【参考答案要点】 1. 李清照词风在南渡前后发生明显变化。 2. 早期作品多表现闺情与闲适生活，风格清新婉约。 3. 南渡后作品多表现家国破亡与人生悲凉，情感沉郁深刻。 —————————— 【评分标准】 ① 概念界定准确（2分） ② 核心特征说明清楚（2分） ③ 表达规范、条理清晰（1分） 满分：5分,本题考查李清照词在不同时期的艺术变化与历史背景关系,中等,,,,0,No,
柳永慢词创作,宋,诗歌,5-090 宋代 柳永词,名词解释,,,,,,【名词】 柳永慢词创作 —————————— 【参考答案要点】 1. 柳永是宋代慢词创作的重要代表词人。 2. 他大量创作长调慢词，使词的篇幅和表现力得到扩展。 3. 其词多写都市生活与男女情感，语言通俗流畅，对宋词发展产生重要影响。 —————————— 【评分标准】 ① 概念界定准确（2分） ② 核心特征说明清楚（2分） ③ 表达规范、条理清晰（1分） 满分：5分,本题考查柳永在慢词发展中的贡献,中等,,,,0,No,
欧阳修散文风格,宋,散文,5-100 宋代 欧阳修散文,名词解释,,,,,,【名词】 欧阳修散文风格 —————————— 【参考答案要点】 1. 欧阳修是北宋古文运动的重要作家之一。 2. 其散文继承韩愈、柳宗元传统，强调内容真实与语言自然。 3. 作品语言平易流畅，结构严谨，如《醉翁亭记》，在中国散文史上具有重要地位。 —————————— 【评分标准】 ① 概念界定准确（2分） ② 核心特征说明清楚（2分） ③ 表达规范、条理清晰（1分） 满分：5分,本题主要考查欧阳修散文的艺术特点及其文学史意义,中等,,,,0,No,
江西诗派理论,宋,诗歌,5-110 宋代 江西诗派,名词解释,,,,,,【名词】 江西诗派理论 —————————— 【参考答案要点】 1. 江西诗派是宋代重要诗歌流派，以黄庭坚为代表。 2. 该派强调学习杜甫诗法，重视诗歌技巧。 3. 提出“点铁成金”“夺胎换骨”等理论，对宋代诗歌创作产生深远影响。 —————————— 【评分标准】 ① 概念界定准确（2分） ② 核心特征说明清楚（2分） ③ 表达规范、条理清晰（1分） 满分：5分,本题重点考查江西诗派诗学理论与文学史地位,中等,,,,0,No,
南宋豪放词发展,宋,诗歌,5-030 宋代 南宋词坛,名词解释,,,,,,【名词】 南宋豪放词发展 —————————— 【参考答案要点】 1. 南宋时期豪放词继续发展并达到新的高度。 2. 辛弃疾等词人将豪放词与爱国情怀结合。 3. 作品多表现民族忧患意识，使宋词具有更深的历史内涵。 —————————— 【评分标准】 ① 概念界定准确（2分） ② 核心特征说明清楚（2分） ③ 表达规范、条理清晰（1分） 满分：5分,本题考查南宋词坛的时代背景与词风发展,中等,,,,0,No,
婉约词艺术特点,宋,诗歌,5-040 宋代 婉约词,名词解释,,,,,,【名词】 婉约词艺术特点 —————————— 【参考答案要点】 1. 婉约词是宋词的重要艺术风格之一。 2. 作品多描写爱情离愁与个人情感。 3. 语言柔美含蓄，意境细腻幽雅，代表词人有柳永、李清照等。 —————————— 【评分标准】 ① 概念界定准确（2分） ② 核心特征说明清楚（2分） ③ 表达规范、条理清晰（1分） 满分：5分,本题考查婉约词艺术特色及其代表作家,中等,,,,0,No,
宋代词体革新,宋,诗歌,5-010 宋代 宋词发展,名词解释,,,,,,【名词】 宋代词体革新 —————————— 【参考答案要点】 1. 宋代词人在唐五代词基础上不断进行艺术革新。 2. 词的题材由宴乐歌辞扩展到社会生活与人生情感。 3. 苏轼等人的创作推动词从音乐附属文学发展为独立文学形式。 —————————— 【评分标准】 ① 概念界定准确（2分） ② 核心特征说明清楚（2分） ③ 表达规范、条理清晰（1分） 满分：5分,本题强调宋词发展过程中题材与艺术形式的变化,中等,,,,0,No,
话本小说特点,宋,小说,5-120 宋代 宋代话本,名词解释,,,,,,【名词】 话本小说特点 —————————— 【参考答案要点】 1. 宋代话本是说话艺人讲述故事时使用的底本。 2. 内容多取材于历史人物、社会生活和爱情故事。 3. 语言口语化，情节生动，对明清小说的发展产生重要影响。 —————————— 【评分标准】 ① 概念界定准确（2分） ② 核心特征说明清楚（2分） ③ 表达规范、条理清晰（1分） 满分：5分,本题考查宋代话本在中国小说发展史中的意义,中等,,,,0,No,
元杂剧概况,元,戏曲,6-010 元代 元杂剧概况,名词解释,,,,,,【名词】 元杂剧概况 —————————— 【参考答案要点】 1. 元杂剧是元代最具代表性的戏曲形式，也是中国古代戏曲发展的重要阶段。 2. 其结构通常为“四折一楔子”，以唱为主，由正末或正旦主唱。 3. 元杂剧题材广泛，语言生动，代表作家有关汉卿、王实甫、马致远等，在中国戏曲史上具有重要地位。 —————————— 【评分标准】 ① 概念界定准确（2分） ② 核心特征说明清楚（2分） ③ 表达规范、条理清晰（1分） 满分：5分,本题考查元杂剧的基本结构形式及其文学史地位,中等,,,,0,No,
元杂剧结构体制,元,戏曲,6-010 元代 元杂剧概况,名词解释,,,,,,【名词】 元杂剧结构体制 —————————— 【参考答案要点】 1. 元杂剧一般采用“四折一楔子”的结构形式。 2. 每一折使用同一宫调的曲牌进行演唱。 3. 剧本以唱为主，辅以宾白，形成较为完整的戏曲艺术形式。 —————————— 【评分标准】 ① 概念界定准确（2分） ② 核心特征说明清楚（2分） ③ 表达规范、条理清晰（1分） 满分：5分,该题强调元杂剧在结构体制上的艺术特点,中等,,,,0,No,
关汉卿杂剧,元,戏曲,6-020 元代 关汉卿杂剧,名词解释,,,,,,【名词】 关汉卿杂剧 —————————— 【参考答案要点】 1. 关汉卿是元代最重要的杂剧作家之一，被称为“曲圣”。 2. 其代表作品有《窦娥冤》《救风尘》等。 3. 作品多反映社会矛盾与底层人民命运，具有强烈现实主义精神。 —————————— 【评分标准】 ① 概念界定准确（2分） ② 核心特征说明清楚（2分） ③ 表达规范、条理清晰（1分） 满分：5分,本题主要考查关汉卿在元杂剧发展中的地位及其创作特点,中等,,,,0,No,
窦娥冤,元,戏曲,6-020 元代 关汉卿杂剧,名词解释,,,,,,【名词】 窦娥冤 —————————— 【参考答案要点】 1. 《窦娥冤》是关汉卿最著名的杂剧作品之一。 2. 剧作通过窦娥冤案揭露封建社会司法黑暗。 3. 作品情节悲剧性强，人物形象鲜明，是中国古代戏曲悲剧的代表作。 —————————— 【评分标准】 ① 概念界定准确（2分） ② 核心特征说明清楚（2分） ③ 表达规范、条理清晰（1分） 满分：5分,本题重点考查关汉卿代表作及其社会意义,中等,,,,0,No,
王实甫杂剧,元,戏曲,6-030 元代 王实甫杂剧,名词解释,,,,,,【名词】 王实甫杂剧 —————————— 【参考答案要点】 1. 王实甫是元代著名杂剧作家。 2. 其代表作品《西厢记》描写张生与崔莺莺的爱情故事。 3. 王实甫杂剧在人物刻画和爱情描写方面具有很高艺术成就。 —————————— 【评分标准】 ① 概念界定准确（2分） ② 核心特征说明清楚（2分） ③ 表达规范、条理清晰（1分） 满分：5分,该题主要考查王实甫杂剧创作特点及其代表作品,中等,,,,0,No,
西厢记,元,戏曲,6-030 元代 王实甫杂剧,名词解释,,,,,,【名词】 西厢记 —————————— 【参考答案要点】 1. 《西厢记》是元代王实甫创作的著名杂剧作品。 2. 剧作讲述张生与崔莺莺冲破封建礼教追求爱情的故事。 3. 作品情节曲折、人物形象生动，是中国古代爱情戏曲的经典之作。 —————————— 【评分标准】 ① 概念界定准确（2分） ② 核心特征说明清楚（2分） ③ 表达规范、条理清晰（1分） 满分：5分,本题考查《西厢记》在元杂剧中的艺术地位,中等,,,,0,No,
马致远杂剧,元,戏曲,6-040 元代 马致远杂剧,名词解释,,,,,,【名词】 马致远杂剧 —————————— 【参考答案要点】 1. 马致远是元代重要杂剧作家之一。 2. 其作品多表现人生感慨与社会现实。 3. 代表作有《汉宫秋》等，艺术风格清峻沉郁，在元杂剧中具有重要地位。 —————————— 【评分标准】 ① 概念界定准确（2分） ② 核心特征说明清楚（2分） ③ 表达规范、条理清晰（1分） 满分：5分,该题主要考查马致远在元杂剧史中的文学贡献,中等,,,,0,No,
汉宫秋,元,戏曲,6-040 元代 马致远杂剧,名词解释,,,,,,【名词】 汉宫秋 —————————— 【参考答案要点】 1. 《汉宫秋》是元代马致远创作的重要杂剧。 2. 剧作描写王昭君出塞的历史故事。 3. 作品通过悲剧性情节表现人物命运，具有浓厚的历史感与抒情性。 —————————— 【评分标准】 ① 概念界定准确（2分） ② 核心特征说明清楚（2分） ③ 表达规范、条理清晰（1分） 满分：5分,本题重点考查马致远代表作及其艺术特色,中等,,,,0,No,
元杂剧艺术特色,元,戏曲,6-050 元代 元杂剧艺术特色,名词解释,,,,,,【名词】 元杂剧艺术特色 —————————— 【参考答案要点】 1. 元杂剧在结构、音乐与表演方面形成较成熟的戏曲艺术形式。 2. 剧本以曲词为主，兼有宾白与舞台动作。 3. 作品人物形象鲜明，情节紧凑，对中国戏曲发展产生深远影响。 —————————— 【评分标准】 ① 概念界定准确（2分） ② 核心特征说明清楚（2分） ③ 表达规范、条理清晰（1分） 满分：5分,本题考查元杂剧整体艺术特点及其戏曲史意义,中等,,,,0,No,
元杂剧角色体制,元,戏曲,6-050 元代 元杂剧艺术特色,名词解释,,,,,,【名词】 元杂剧角色体制 —————————— 【参考答案要点】 1. 元杂剧形成较为稳定的角色体制。 2. 主要角色包括正末、正旦、净、丑等。 3. 其中正末或正旦通常承担主要唱词，是戏剧情节发展的核心人物。 —————————— 【评分标准】 ① 概念界定准确（2分） ② 核心特征说明清楚（2分） ③ 表达规范、条理清晰（1分） 满分：5分,该题主要考查元杂剧表演角色体系及戏曲结构特点,中等,,,,0,No,
散曲,元,诗歌,6-060 元代 散曲,名词解释,,,,,,【名词】 散曲 —————————— 【参考答案要点】 1. 散曲是元代流行的一种抒情文学形式。 2. 主要包括小令和套数两种形式。 3. 散曲语言通俗自然，表现内容广泛，在元代文学中具有重要地位。 —————————— 【评分标准】 ① 概念界定准确（2分） ② 核心特征说明清楚（2分） ③ 表达规范、条理清晰（1分） 满分：5分,本题考查散曲的基本形式与文学史意义,中等,,,,0,No,
小令与套数,元,诗歌,6-060 元代 散曲,名词解释,,,,,,【名词】 小令与套数 —————————— 【参考答案要点】 1. 小令与套数是散曲的两种主要形式。 2. 小令篇幅较短，结构单一。 3. 套数由多支曲牌组成，篇幅较长，表现内容更为丰富。 —————————— 【评分标准】 ① 概念界定准确（2分） ② 核心特征说明清楚（2分） ③ 表达规范、条理清晰（1分） 满分：5分,本题主要考查散曲形式结构及其艺术特点,中等,,,,0,No,
明代小说发展,明,小说,7-010 明清 明代小说发展,名词解释,,,,,,【名词】 明代小说发展 —————————— 【参考答案要点】 1. 明代是中国古代小说发展的重要时期，白话长篇小说逐渐成熟并广泛传播。 2. 这一时期小说创作题材丰富，出现了历史演义、英雄传奇和神魔小说等多种类型。 3. 《三国演义》《水浒传》《西游记》《金瓶梅》等作品标志着中国古典小说艺术达到新的高度。 —————————— 【评分标准】 ① 概念界定准确（2分） ② 核心特征说明清楚（2分） ③ 表达规范、条理清晰（1分） 满分：5分,本题考查明代小说在中国文学史上的发展阶段与代表作品,中等,,,,0,No,
三国演义,明,小说,7-020 明清 三国演义,名词解释,,,,,,【名词】 三国演义 —————————— 【参考答案要点】 1. 《三国演义》是明代罗贯中创作的历史演义小说。 2. 小说以三国时期历史为背景，描写魏、蜀、吴三国之间的政治与军事斗争。 3. 作品塑造了诸葛亮、关羽、曹操等典型人物形象，是中国古代历史小说的代表作。 —————————— 【评分标准】 ① 概念界定准确（2分） ② 核心特征说明清楚（2分） ③ 表达规范、条理清晰（1分） 满分：5分,本题主要考查《三国演义》的文学体裁及其文学史地位,中等,,,,0,No,
水浒传,明,小说,7-030 明清 水浒传,名词解释,,,,,,【名词】 水浒传 —————————— 【参考答案要点】 1. 《水浒传》是明代长篇章回小说，传统上认为作者为施耐庵。 2. 小说描写宋江等一百零八位好汉在梁山起义的故事。 3. 作品通过人物群像反映社会矛盾，具有强烈的现实主义精神，是英雄传奇小说的代表。 —————————— 【评分标准】 ① 概念界定准确（2分） ② 核心特征说明清楚（2分） ③ 表达规范、条理清晰（1分） 满分：5分,该题考查《水浒传》的题材类型与文学史意义,中等,,,,0,No,
西游记,明,小说,7-040 明清 西游记,名词解释,,,,,,【名词】 西游记 —————————— 【参考答案要点】 1. 《西游记》是明代吴承恩创作的神魔小说。 2. 小说以唐僧师徒西天取经为主线，描写孙悟空、猪八戒等人物的历险故事。 3. 作品想象丰富，情节奇幻，具有浓厚的浪漫主义色彩，是中国古代神魔小说的典范。 —————————— 【评分标准】 ① 概念界定准确（2分） ② 核心特征说明清楚（2分） ③ 表达规范、条理清晰（1分） 满分：5分,本题主要考查《西游记》的题材类型与艺术特色,中等,,,,0,No,
金瓶梅,明,小说,7-050 明清 金瓶梅,名词解释,,,,,,【名词】 金瓶梅 —————————— 【参考答案要点】 1. 《金瓶梅》是明代长篇小说，作者署名“兰陵笑笑生”。 2. 小说以西门庆家庭生活为中心，描写晚明社会生活与人情世态。 3. 作品在人物刻画与现实描写方面具有较高艺术成就，是中国世情小说的重要代表。 —————————— 【评分标准】 ① 概念界定准确（2分） ② 核心特征说明清楚（2分） ③ 表达规范、条理清晰（1分） 满分：5分,本题考查《金瓶梅》的题材类型及其在小说史中的地位,中等,,,,0,No,
明代戏曲,明,戏曲,7-060 明清 明代戏曲,名词解释,,,,,,【名词】 明代戏曲 —————————— 【参考答案要点】 1. 明代戏曲在元杂剧基础上进一步发展，形成传奇戏曲的繁荣。 2. 传奇成为主要戏曲形式，结构较元杂剧更为自由。 3. 代表作家有汤显祖等，其作品在戏曲史上具有重要影响。 —————————— 【评分标准】 ① 概念界定准确（2分） ② 核心特征说明清楚（2分） ③ 表达规范、条理清晰（1分） 满分：5分,本题主要考查明代戏曲的发展形式与文学史地位,中等,,,,0,No,
汤显祖,明,戏曲,7-070 明清 汤显祖,名词解释,,,,,,【名词】 汤显祖 —————————— 【参考答案要点】 1. 汤显祖是明代著名戏曲作家。 2. 其代表作品为“临川四梦”，包括《牡丹亭》《南柯记》等。 3. 作品强调情感与理想，具有浓厚浪漫主义色彩，在中国戏曲史上具有重要地位。 —————————— 【评分标准】 ① 概念界定准确（2分） ② 核心特征说明清楚（2分） ③ 表达规范、条理清晰（1分） 满分：5分,本题主要考查汤显祖及其戏曲创作成就,中等,,,,0,No,
红楼梦,清,小说,7-080 明清 红楼梦,名词解释,,,,,,【名词】 红楼梦 —————————— 【参考答案要点】 1. 《红楼梦》是清代曹雪芹创作的长篇章回小说。 2. 小说通过贾、史、王、薛四大家族的兴衰描写封建社会的衰落。 3. 作品在人物刻画、情节结构和思想深度方面具有极高艺术成就，被誉为中国古典小说的巅峰之作。 —————————— 【评分标准】 ① 概念界定准确（2分） ② 核心特征说明清楚（2分） ③ 表达规范、条理清晰（1分） 满分：5分,本题考查《红楼梦》在中国文学史上的地位与艺术价值,中等,,,,0,No,